PRO,Reverse,Spectrum,Subfactor,Scale,Subscale,Text
1,FALSE,Internalizing,Fear,Agoraphobia,,"I felt like I would be unable to breathe in a small, tight, or enclosed space."
2,FALSE,Internalizing,Fear,Agoraphobia,,I was afraid of getting trapped in a crowd.
3,FALSE,Internalizing,Fear,Agoraphobia,,"I avoided small, tight, or enclosed spaces."
4,FALSE,Internalizing,Fear,Agoraphobia,,I avoided small public spaces (such as an office or restaurant).
5,FALSE,Internalizing,Fear,Agoraphobia,,"I was afraid that I would have a panic attack in a small, tight, or enclosed space."
6,FALSE,Externalizing,Antisocial,Antisocial Behavior,,I vandalized or defaced public property.
7,FALSE,Externalizing,Antisocial,Antisocial Behavior,,I found it enjoyable to hurt animals.
8,FALSE,Externalizing,Antisocial,Antisocial Behavior,,I got in trouble with the law.
9,FALSE,Externalizing,Antisocial,Antisocial Behavior,,I forged checks or used other people’s credit cards without permission.
10,FALSE,Externalizing,Antisocial,Antisocial Behavior,,I stole from someone I knew without their knowledge.
11,FALSE,Externalizing,Antisocial,Antisocial Behavior,,I forced someone to have sex with me.
12,FALSE,Externalizing,Antisocial,Antisocial Behavior,,"I broke into houses, buildings, or cars."
13,FALSE,Externalizing,Antisocial,Antisocial Behavior,,"I threatened someone with a weapon like a bat, brick, knife, or gun."
14,FALSE,Internalizing,Eating Pathology,Appetite Loss,,My appetite was poor.
15,FALSE,Internalizing,Eating Pathology,Appetite Loss,,I lost a significant amount of weight without even trying.
16,FALSE,Internalizing,Eating Pathology,Appetite Loss,,I did not feel much like eating.
17,FALSE,Internalizing,Eating Pathology,Binge Eating,,"Once I started eating, I could not stop."
18,FALSE,Internalizing,Eating Pathology,Binge Eating,,I could not resist eating.
19,FALSE,Internalizing,Eating Pathology,Binge Eating,,"I ate a very large amount of food in a short period of time (e.g., within 2 hours)."
20,FALSE,Somatoform,,Bodily Distress,,I had pains in several parts of my body.
21,FALSE,Somatoform,,Bodily Distress,,My muscles were weak.
22,FALSE,Somatoform,,Bodily Distress,,I felt something was wrong with my body.
23,FALSE,Somatoform,,Bodily Distress,,"I was bothered by stomach symptoms (diarrhea, nausea, stomach pain etc.)"
24,FALSE,Somatoform,,Bodily Distress,,I experienced chest pain.
25,FALSE,Somatoform,,Bodily Distress,,"I was bothered by several bodily symptoms (e.g., headache, fatigue or stomach problems) for which there was no clear or sufficient medical explanation."
26,FALSE,Internalizing,Eating Pathology,Body Dissatisfaction,,I couldn’t stop comparing my body to those of others.
27,FALSE,Internalizing,Eating Pathology,Body Dissatisfaction,,I wished I could change certain parts of my body.
28,FALSE,Internalizing,Eating Pathology,Body Dissatisfaction,,I was dissatisfied with the shape of my body.
29,FALSE,Internalizing,Eating Pathology,Body Dissatisfaction,,I did not like my weight (the number on the scale).
30,FALSE,Internalizing,Eating Pathology,Body Focus,,I spent a lot of time looking at myself.
31,FALSE,Internalizing,Eating Pathology,Body Focus,,"If I passed by a reflective surface (like a window), I checked how I looked."
32,FALSE,Internalizing,Eating Pathology,Body Focus,,I spent a lot of time getting ready before going out.
33,FALSE,Internalizing,Eating Pathology,Body Focus,,I paid a lot of attention to how I look.
34,FALSE,Internalizing,Eating Pathology,Body Focus,,I spent a lot of time grooming myself.
35,FALSE,Externalizing,Antagonism,Callousness,,I was not all that concerned with other peoples' needs.
36,FALSE,Externalizing,Antagonism,Callousness,,I did not really care how others felt.
37,FALSE,Externalizing,Antagonism,Callousness,,I did not have much sympathy for others.
38,FALSE,Externalizing,Antagonism,Callousness,,People told me I was coldhearted.
39,FALSE,Externalizing,Antagonism,Callousness,,I did not concern myself with helping people.
40,FALSE,Externalizing,Antagonism,Callousness,,Some people thought I was uncaring and unfeeling.
41,FALSE,Internalizing,Fear,Checking,,I felt the urge to check to make sure I really had done something.
42,FALSE,Internalizing,Fear,Checking,,"Even when I was very careful, I worried whether I had done something correctly."
43,FALSE,Internalizing,Fear,Checking,,I had a nagging doubt that I'd failed to do something important.
44,FALSE,Internalizing,Fear,Checking,,"After I left my home, I worried that I failed to do something."
45,FALSE,Internalizing,Fear,Checking,,I found myself worrying whether I actually did something or only intended to do it.
46,FALSE,Internalizing,Fear,Cleaning,,It was difficult for me to touch something that was dirty.
47,FALSE,Internalizing,Fear,Cleaning,,I worried about getting germs through contact with animals.
48,FALSE,Internalizing,Fear,Cleaning,,I avoided contact with people because I was worried about germs.
49,FALSE,Internalizing,Fear,Cleaning,,I felt the need to wash my hands again and again.
50,FALSE,Internalizing,Fear,Cleaning,,I was obsessed with cleanliness.
51,FALSE,Internalizing,Fear,Cleaning,,I had to clean myself because I felt contaminated.
52,FALSE,Internalizing,Distress,Cognitive Problems,,I struggled to think clearly.
53,FALSE,Internalizing,Distress,Cognitive Problems,,My mind felt mixed up.
54,FALSE,Internalizing,Distress,Cognitive Problems,,I was easily distracted.
55,FALSE,Internalizing,Distress,Cognitive Problems,,I had trouble remembering things.
56,FALSE,Internalizing,Distress,Cognitive Problems,,My thoughts kept jumping from one thing to another.
57,FALSE,Somatoform,,Conversion Symptoms,,"I experienced a sudden sensory loss (e.g., seeing or hearing problems) that doctors could not explain."
58,FALSE,Somatoform,,Conversion Symptoms,,I could not feel things I touched.
59,FALSE,Somatoform,,Conversion Symptoms,,I had periods of unexplained deafness.
60,FALSE,Somatoform,,Conversion Symptoms,,I experienced sudden muscle weakness or paralysis.
61,FALSE,Somatoform,,Conversion Symptoms,,I was troubled by unexplained seizures or convulsions.
62,FALSE,Somatoform,,Conversion Symptoms,,I had periods of unexplained blindness.
63,FALSE,Somatoform,,Conversion Symptoms,,I experienced loss of consciousness or had fainting spells (in the absence of a diagnosed medical disorder)
64,FALSE,Internalizing,Fear,Counting,,I felt compelled to count things.
65,FALSE,Internalizing,Fear,Counting,,I avoided numbers that could bring bad luck.
66,FALSE,Internalizing,Fear,Counting,,I counted things over and over again.
67,FALSE,Internalizing,Fear,Counting,,I thought that certain numbers were lucky for me.
68,FALSE,Internalizing,Fear,Counting,,I needed to count to a certain number before starting an activity.
69,FALSE,Internalizing,Eating Pathology,Dietary Restraint,,I tried to eat only healthy foods.
70,FALSE,Internalizing,Eating Pathology,Dietary Restraint,,I tried to limit the number of fatty foods I ate.
71,FALSE,Internalizing,Eating Pathology,Dietary Restraint,,I spent time planning how to reduce my food intake.
72,FALSE,Internalizing,Eating Pathology,Dietary Restraint,,I focused on eating more healthy foods.
73,FALSE,Internalizing,Eating Pathology,Dietary Restraint,,I tried to eat fewer snacks.
74,FALSE,Internalizing,Sexual Problems,Difficulties Reaching Orgasm,,I was unable to reach orgasm.
75,FALSE,Internalizing,Sexual Problems,Difficulties Reaching Orgasm,,I reached orgasm later than I wanted to.
76,FALSE,Internalizing,Sexual Problems,Difficulties Reaching Orgasm,,I found it difficult to reach orgasm.
77,FALSE,Somatoform,,Disease Conviction,,I had an illness or disease that others dismissed.
78,FALSE,Somatoform,,Disease Conviction,,I got angry when people did not take my health problems seriously.
79,FALSE,Somatoform,,Disease Conviction,,It was difficult to find healthcare providers who recognized my illness.
80,FALSE,Somatoform,,Disease Conviction,,I was frustrated with having to convince others I had a real illness.
81,FALSE,Externalizing,Antagonism,Dishonesty,Deceitfulness,I said things that were not true.
82,FALSE,Externalizing,Antagonism,Dishonesty,Deceitfulness,I was willing to tell a small lie to make things easier for myself.
83,FALSE,Externalizing,Antagonism,Dishonesty,Deceitfulness,I believed it was fine to tell a little lie in order to get out of trouble.
84,FALSE,Externalizing,Antagonism,Dishonesty,Deceitfulness,I lied about myself to other people.
85,FALSE,Externalizing,Antagonism,Dishonesty,Manipulativeness,I tried to con or cheat other people.
86,FALSE,Externalizing,Antagonism,Dishonesty,Manipulativeness,I found it easy to deceive others.
87,FALSE,Externalizing,Antagonism,Dishonesty,Manipulativeness,I found it easy to manipulate others.
88,FALSE,Externalizing,Antagonism,Dishonesty,Manipulativeness,I made people believe almost anything.
89,FALSE,Externalizing,Disinhibition,Disorganization,,I was never on time.
90,FALSE,Externalizing,Disinhibition,Disorganization,,I had trouble planning and keeping to schedules.
91,FALSE,Externalizing,Disinhibition,Disorganization,,I paid my bills late or missed other important deadlines.
92,FALSE,Externalizing,Disinhibition,Disorganization,,I lost things that I needed.
93,FALSE,Externalizing,Disinhibition,Disorganization,,I could have improved on my organizational skills.
94,FALSE,Externalizing,Disinhibition,Disorganization,,I missed appointments because I forgot about them.
95,FALSE,Externalizing,Disinhibition,Disorganization,,I was a messy person.
96,FALSE,Thought Disorder,,Dissociation,,I had the experience that everything suddenly seemed unfamiliar and I forgot where I was.
97,FALSE,Thought Disorder,,Dissociation,,I felt like I no longer existed.
98,FALSE,Thought Disorder,,Dissociation,,I had blank spells or periods of missing time.
99,FALSE,Thought Disorder,,Dissociation,,I felt that things around me were not real.
100,FALSE,Thought Disorder,,Dissociation,,I felt like I was outside of my body.
101,FALSE,Thought Disorder,,Dissociation,,I had trouble telling whether something really happened or I just imagined it.
102,FALSE,Internalizing,Distress,Distress-Dysphoria,Anhedonia,Nothing seemed interesting to me.
103,FALSE,Internalizing,Distress,Distress-Dysphoria,Anhedonia,I didn't get excited about very much.
104,FALSE,Internalizing,Distress,Distress-Dysphoria,Anhedonia,I didn't experience the joy and pleasure that most other people do.
105,FALSE,Internalizing,Distress,Distress-Dysphoria,Anxious Worry,I was overwhelmed by anxiety.
106,FALSE,Internalizing,Distress,Distress-Dysphoria,Anxious Worry,I felt nervous and on edge.
107,FALSE,Internalizing,Distress,Distress-Dysphoria,Anxious Worry,I felt very stressed.
108,FALSE,Internalizing,Distress,Distress-Dysphoria,Depressed Mood,I felt hopeless about the future.
109,FALSE,Internalizing,Distress,Distress-Dysphoria,Depressed Mood,I felt worthless.
110,FALSE,Internalizing,Distress,Distress-Dysphoria,Depressed Mood,I felt depressed.
111,FALSE,Internalizing,Distress,Distress-Dysphoria,Depressed Mood,I felt down and discouraged.
112,FALSE,Internalizing,Distress,Distress-Dysphoria,Lassitude,Took a lot of effort to get going.
113,FALSE,Internalizing,Distress,Distress-Dysphoria,Lassitude,I had very little energy.
114,FALSE,Internalizing,Distress,Distress-Dysphoria,Lassitude,I felt worn out.
115,FALSE,Internalizing,Distress,Distress-Dysphoria,Shame/Guilt,I was disgusted with myself.
116,FALSE,Internalizing,Distress,Distress-Dysphoria,Shame/Guilt,I blamed myself for things.
117,FALSE,Internalizing,Distress,Distress-Dysphoria,Shame/Guilt,I was ashamed of myself.
118,FALSE,Externalizing,Antagonism,Domineering,,I liked having power.
119,FALSE,Externalizing,Antagonism,Domineering,,It was very important for me to take the lead.
120,FALSE,Externalizing,Antagonism,Domineering,,I liked being the person who has the authority.
121,FALSE,Externalizing,Antagonism,Domineering,,"When in a group, I liked to be in control."
122,FALSE,Externalizing,Antagonism,Domineering,,Things went best when I told others what to do.
123,FALSE,Externalizing,Antagonism,Domineering,,I was the dominant person in my relationships.
124,FALSE,Thought Disorder,,Eccentricity,,Many people thought that my behavior was really strange.
125,FALSE,Thought Disorder,,Eccentricity,,I thought about things in unusual ways.
126,FALSE,Thought Disorder,,Eccentricity,,I said unusual things.
127,FALSE,Thought Disorder,,Eccentricity,,People said I am strange.
128,FALSE,Thought Disorder,,Eccentricity,,People told me that I was being inappropriate.
129,FALSE,Internalizing,Distress,Emotionality,Affective Lability,My moods were intense and unpredictable.
130,FALSE,Internalizing,Distress,Emotionality,Affective Lability,My mood changed suddenly for no good reason.
131,FALSE,Internalizing,Distress,Emotionality,Affective Lability,I quickly went from being sad to being happy.
132,FALSE,Internalizing,Distress,Emotionality,Angry Hostility,I got angry about small things.
133,FALSE,Internalizing,Distress,Emotionality,Angry Hostility,I got so angry that I yelled or screamed.
134,FALSE,Internalizing,Distress,Emotionality,Angry Hostility,I had angry outbursts.
135,FALSE,Internalizing,Distress,Emotionality,Angry Hostility,My temper scared people.
136,FALSE,Internalizing,Distress,Emotionality,Irritability,I was easily annoyed.
137,FALSE,Internalizing,Distress,Emotionality,Irritability,I was grouchy.
138,FALSE,Internalizing,Distress,Emotionality,Irritability,I was very irritable.
139,FALSE,Internalizing,Distress,Emotionality,Irritability,Minor frustrations really upset me.
140,FALSE,Externalizing,Antagonism,Entitlement,,I was selfish.
141,FALSE,Externalizing,Antagonism,Entitlement,,I deserved special treatment.
142,FALSE,Externalizing,Antagonism,Entitlement,,My needs and wants came first.
143,FALSE,Externalizing,Antagonism,Entitlement,,Some people thought I was self-centered.
144,FALSE,Externalizing,Antagonism,Entitlement,,I expected to get treated better than others.
145,FALSE,Externalizing,Antagonism,Entitlement,,I was jealous of what other people have.
146,FALSE,Internalizing,Eating Pathology,Excessive Exercise,,People told me I exercised too much.
147,FALSE,Internalizing,Eating Pathology,Excessive Exercise,,I exercised more than was good for me.
148,FALSE,Internalizing,Eating Pathology,Excessive Exercise,,I exercised until I felt sick.
149,FALSE,Internalizing,Eating Pathology,Excessive Exercise,,I exercised when I was injured.
150,FALSE,Internalizing,Eating Pathology,Excessive Exercise,,I had to cancel plans in order to get my exercise in.
151,FALSE,Internalizing,Fear,Excoriation,,My skin picking created problems for me.
152,FALSE,Internalizing,Fear,Excoriation,,I tried to conceal areas where I had picked at my skin.
153,FALSE,Internalizing,Fear,Excoriation,,I picked at areas of my skin that I don’t like.
154,FALSE,Externalizing,Antagonism,Exhibitionism,,I liked attracting the attention of others.
155,FALSE,Externalizing,Antagonism,Exhibitionism,,I enjoyed being the center of attention.
156,FALSE,Externalizing,Antagonism,Exhibitionism,,I did things to get others to notice me.
157,FALSE,Externalizing,Antagonism,Exhibitionism,,I dressed so as to call attention to myself.
158,FALSE,Externalizing,Antagonism,Exhibitionism,,"When in public, I liked to stand out."
159,FALSE,Thought Disorder,,Fantasy Proneness,,I was prone to daydreaming.
160,FALSE,Thought Disorder,,Fantasy Proneness,,My fantasies felt very real to me.
161,FALSE,Thought Disorder,,Fantasy Proneness,,I wished I lived in my fantasies instead of real life.
162,FALSE,Thought Disorder,,Fantasy Proneness,,My mind wandered far away from the present.
163,FALSE,Thought Disorder,,Fantasy Proneness,,My imagination held my attention for hours.
164,FALSE,Thought Disorder,,Fantasy Proneness,,I lost myself in a fictional character.
165,FALSE,Internalizing,Eating Pathology,Food Selectivity,,People told me that I was a very picky eater.
166,FALSE,Internalizing,Eating Pathology,Food Selectivity,,I avoided foods because of their smell or texture.
167,FALSE,Internalizing,Eating Pathology,Food Selectivity,,I avoided foods because I did not like their appearance
168,FALSE,Internalizing,Eating Pathology,Food Selectivity,,Many types of food disgusted me.
169,FALSE,Externalizing,Disinhibition,Gambling,,I was unable to resist the impulse to gamble.
170,FALSE,Externalizing,Disinhibition,Gambling,,It was hard to stop gambling once I started.
171,FALSE,Externalizing,Disinhibition,Gambling,,I kept gambling even though it caused problems in my relationships.
172,FALSE,Externalizing,Disinhibition,Gambling,,I bet more money than I could really afford to lose.
173,FALSE,Externalizing,Disinhibition,Gambling,,Gambling caused me to go into debt.
174,FALSE,Externalizing,Disinhibition,Gaming,,"I kept gaming, even though it caused problems at work or school."
175,FALSE,Externalizing,Disinhibition,Gaming,,I turned down social invitations so that I could spend more time gaming.
176,FALSE,Externalizing,Disinhibition,Gaming,,I looked for ways to make time for gaming.
177,FALSE,Externalizing,Disinhibition,Gaming,,My mood was negatively affected when I was unable to game as long as I wanted.
178,FALSE,Externalizing,Antagonism,Grandiosity,,People admired me.
179,FALSE,Externalizing,Antagonism,Grandiosity,,I recognized that I had a lot of special qualities.
180,FALSE,Externalizing,Antagonism,Grandiosity,,I enjoyed thinking about my future and the great things it would bring.
181,FALSE,Externalizing,Antagonism,Grandiosity,,I enjoyed looking in the mirror.
182,FALSE,Externalizing,Antagonism,Grandiosity,,Most people would have liked to be like me.
183,FALSE,Externalizing,Antagonism,Grandiosity,,I was very confident in myself around other people.
184,FALSE,Somatoform,,Health Anxiety,,I spent too much time thinking about illnesses I might have.
185,FALSE,Somatoform,,Health Anxiety,,Reading articles about disease made me worry about my health.
186,FALSE,Somatoform,,Health Anxiety,,I worried a lot about my health.
187,FALSE,Somatoform,,Health Anxiety,,I was afraid that I might suffer from a serious illness
188,FALSE,Internalizing,Fear,Hoarding,,I found it difficult to throw things away.
189,FALSE,Internalizing,Fear,Hoarding,,I collected things I did not need.
190,FALSE,Internalizing,Fear,Hoarding,,My home was so cluttered that it was difficult to get around.
191,FALSE,Internalizing,Fear,Hoarding,,I could not resist buying something that I did not need.
192,FALSE,Internalizing,Fear,Hoarding,,My compulsive buying caused me financial problems.
193,FALSE,Internalizing,Fear,Hoarding,,I kept items that I did not need.
194,FALSE,Externalizing,Anankastia,Hyperdeliberation,,I put a lot of thought into ideas before I took any action.
195,FALSE,Externalizing,Anankastia,Hyperdeliberation,,I examined every single option before making a selection.
196,FALSE,Externalizing,Anankastia,Hyperdeliberation,,Major decisions took months of careful consideration to arrive at a choice.
197,FALSE,Externalizing,Anankastia,Hyperdeliberation,,I made decisions only after I had all the information I could get.
198,FALSE,Externalizing,Anankastia,Hyperdeliberation,,I carefully weighed out the pros and cons before I made any decision.
199,FALSE,Externalizing,Anankastia,Hyperdeliberation,,I took time to consider all possible outcomes before making any decision.
200,FALSE,Internalizing,Fear,Hypervigilance,,I felt like I was in danger.
201,FALSE,Internalizing,Fear,Hypervigilance,,I felt on guard and on edge.
202,FALSE,Internalizing,Fear,Hypervigilance,,I was easily startled.
203,FALSE,Internalizing,Fear,Hypervigilance,,I felt that the world is a dangerous place.
204,FALSE,Internalizing,Fear,Hypervigilance,,I was watchful for danger.
205,FALSE,Internalizing,Fear,Hypervigilance,,I was concerned that other persons might bring me harm.
206,FALSE,Internalizing,Distress,Insomnia,,I slept very poorly.
207,FALSE,Internalizing,Distress,Insomnia,,I had trouble staying asleep.
208,FALSE,Internalizing,Distress,Insomnia,,I woke up early and could not get back to sleep.
209,FALSE,Internalizing,Distress,Insomnia,,I had trouble falling asleep.
210,FALSE,Internalizing,Sexual Problems,Low Sexual Arousal,,It was difficult for me to get sexually aroused.
211,FALSE,Internalizing,Sexual Problems,Low Sexual Arousal,,It was difficult for me to stay sexually aroused once sexual activity had started.
212,FALSE,Internalizing,Sexual Problems,Low Sexual Arousal,,I did not experience enough sexual arousal (penile erection or vaginal lubrication) to enjoy sex.
213,FALSE,Internalizing,Sexual Problems,Low Sexual Interest,,I had little or no interest in sexual activity.
214,FALSE,Internalizing,Sexual Problems,Low Sexual Interest,,I felt little desire for sexual activity
215,FALSE,Internalizing,Sexual Problems,Low Sexual Interest,,I felt uninterested during sexual activity
216,FALSE,Internalizing-Thought Disorder,,Manic Energy,,Others noticed that I was unusually excited or up.
217,FALSE,Internalizing-Thought Disorder,,Manic Energy,,I felt a lot more hyper or active than usual.
218,FALSE,Internalizing-Thought Disorder,,Manic Energy,,I was much more talkative than usual.
219,FALSE,Internalizing-Thought Disorder,,Manic Energy,,I had so much energy that others couldn’t keep up with me.
220,FALSE,Internalizing-Thought Disorder,,Manic Energy,,I felt like I could go for days without sleeping.
221,FALSE,Internalizing-Thought Disorder,,Manic Energy,,I felt like I could keep going and going without ever getting tired.
222,FALSE,Internalizing-Thought Disorder,,Manic Energy,,I had much more energy than usual.
223,FALSE,Thought Disorder,,Mistrust,Cynicism,People were basically selfish with little concern for others.
224,FALSE,Thought Disorder,,Mistrust,Cynicism,Others could not be trusted.
225,FALSE,Thought Disorder,,Mistrust,Cynicism,"I believed that if you are not careful, other people will take advantage of you."
226,FALSE,Thought Disorder,,Mistrust,Cynicism,Most people were just out for themselves.
227,FALSE,Thought Disorder,,Mistrust,Suspiciousness,Some people were out to harm me.
228,FALSE,Thought Disorder,,Mistrust,Suspiciousness,People talked behind my back.
229,FALSE,Thought Disorder,,Mistrust,Suspiciousness,I was very suspicious of other people.
230,FALSE,Thought Disorder,,Mistrust,Suspiciousness,I felt that other persons were acting against me.
231,FALSE,Internalizing,Eating Pathology,Muscle Building,,It was important to me to build muscle mass and eliminate body fat.
232,FALSE,Internalizing,Eating Pathology,Muscle Building,,Bulking up muscle while staying lean was a main fitness goal for me.
233,FALSE,Internalizing,Eating Pathology,Muscle Building,,I wanted well-defined stomach muscles.
234,FALSE,Internalizing,Eating Pathology,Muscle Building,,Being muscular was very important to me.
235,FALSE,Internalizing,Eating Pathology,Muscle Building,,I used medicines or supplements to bulk up.
236,FALSE,Internalizing,Distress,Nightmares,,Nightmares caused me to wake up at night.
237,FALSE,Internalizing,Distress,Nightmares,,I had a recurring bad dream.
238,FALSE,Internalizing,Distress,Nightmares,,I had a dream so distressing that it continued to affect me after waking.
239,FALSE,Externalizing,Disinhibition,Non-persistence,,"I quit working (my job, homework, or housework) before I was finished."
240,FALSE,Externalizing,Disinhibition,Non-persistence,,I could not return to a task after getting distracted.
241,FALSE,Externalizing,Disinhibition,Non-persistence,,I quit tasks that became too challenging.
242,FALSE,Externalizing,Disinhibition,Non-persistence,,I was unable to concentrate on a task when it was uninteresting to me.
243,FALSE,Externalizing,Disinhibition,Non-persistence,,I became disinterested in tasks easily.
244,FALSE,Externalizing,Disinhibition,Non-planfulness,,I made decisions quickly without thinking them through.
245,FALSE,Externalizing,Disinhibition,Non-planfulness,,I said things without thinking.
246,FALSE,Externalizing,Disinhibition,Non-planfulness,,I acted on impulse.
247,FALSE,Externalizing,Disinhibition,Non-planfulness,,I did something spontaneous that I later regretted.
248,FALSE,Externalizing,Disinhibition,Non-planfulness,,I failed to consider the consequences of an action.
249,FALSE,Internalizing,Distress,NSSI,,I bit myself on purpose.
250,FALSE,Internalizing,Distress,NSSI,,I hurt myself on purpose.
251,FALSE,Internalizing,Distress,NSSI,,"I felt an urge to hurt myself (cut, burn, bite, etc.)."
252,FALSE,Internalizing,Distress,NSSI,,I cut myself on purpose.
253,FALSE,Internalizing,Distress,NSSI,,"At times, I just wanted to feel pain."
254,FALSE,Internalizing,Distress,NSSI,,I intentionally scratched my skin so severely that it started bleeding.
255,FALSE,Externalizing,Antisocial,Oppositionality,,"I enjoyed rebelling against authority figures (e.g., police, teachers, bosses)."
256,FALSE,Externalizing,Antisocial,Oppositionality,,Life felt too short to follow other peoples' rules.
257,FALSE,Externalizing,Antisocial,Oppositionality,,I was a rule breaker.
258,FALSE,Externalizing,Antisocial,Oppositionality,,I didn't care whether my behavior was considered proper or not.
259,FALSE,Externalizing,Antisocial,Oppositionality,,I didn’t pay much attention to social standards of behavior.
260,FALSE,Externalizing,Antisocial,Oppositionality,,I did things on purpose that were against the rules.
261,FALSE,Internalizing,Fear,Panic,,I felt dizzy or lightheaded.
262,FALSE,Internalizing,Fear,Panic,,I was trembling or shaking.
263,FALSE,Internalizing,Fear,Panic,,My heart was racing or pounding.
264,FALSE,Internalizing,Fear,Panic,,I was afraid that I might be having a heart attack.
265,FALSE,Internalizing,Fear,Panic,,I was so worked up I thought I might die.
266,FALSE,Internalizing,Sexual Problems,Paraphilias,,My sexual fantasies strained my relationships.
267,FALSE,Internalizing,Sexual Problems,Paraphilias,,"I found watching unsuspecting people who were naked, masturbating, or having sex sexually arousing."
268,FALSE,Internalizing,Sexual Problems,Paraphilias,,I found exposing my genitals to a stranger sexually arousing.
269,FALSE,Internalizing,Sexual Problems,Paraphilias,,I found touching or rubbing against a stranger sexually arousing.
270,FALSE,Internalizing,Sexual Problems,Paraphilias,,"I found sexual activity with someone unconscious (e.g., asleep or passed out from alcohol or a drug) sexually arousing."
271,FALSE,Externalizing,Anankastia,Perfectionism,,People told me that I was too perfectionistic.
272,FALSE,Externalizing,Anankastia,Perfectionism,,My desire for things to be flawless kept me from getting everything done.
273,FALSE,Externalizing,Anankastia,Perfectionism,,"I strove for perfection, even when others said that I should move on."
274,FALSE,Externalizing,Anankastia,Perfectionism,,I felt that my work must be flawless.
275,FALSE,Externalizing,Anankastia,Perfectionism,,I demanded perfection from myself.
276,FALSE,Internalizing,Sexual Problems,Premature Orgasm,,"During sex, I usually climaxed very quickly. "
277,FALSE,Internalizing,Sexual Problems,Premature Orgasm,,"During sex, I consciously tried to delay orgasm so I could last longer."
278,FALSE,Internalizing,Sexual Problems,Premature Orgasm,,I reached orgasm sooner than I wanted to.
279,FALSE,Internalizing,Sexual Problems,Premature Orgasm,,I was unable to control when I reached orgasm.
280,FALSE,Externalizing,Disinhibition,Problematic Shopping,,I found it hard to resist the urge to shop.
281,FALSE,Externalizing,Disinhibition,Problematic Shopping,,I bought much more than I needed.
282,FALSE,Externalizing,Disinhibition,Problematic Shopping,,I kept my shopping a secret.
283,FALSE,Externalizing,Disinhibition,Problematic Shopping,,I spent more money shopping than I could afford.
284,FALSE,Internalizing,Eating Pathology,Purging,,I vomited to control my weight.
285,FALSE,Internalizing,Eating Pathology,Purging,,"I used certain medications (e.g. laxatives, diuretics) to lose weight."
286,FALSE,Internalizing,Eating Pathology,Purging,,"I considered using syrup of ipecac, enemas, or suppositories to lose weight."
287,FALSE,Thought Disorder,,Reality Distortion,Delusions,I could control things with my mind.
288,FALSE,Thought Disorder,,Reality Distortion,Delusions,"I thought it may be possible for other people to read my mind, or for me to read other's minds."
289,FALSE,Thought Disorder,,Reality Distortion,Delusions,I believed other people could actually hear my thoughts.
290,FALSE,Thought Disorder,,Reality Distortion,Delusions,Special messages were written in papers or announced on TV just for me.
291,FALSE,Thought Disorder,,Reality Distortion,Delusions,I thought I was the only one chosen by God for a special role.
292,FALSE,Thought Disorder,,Reality Distortion,Hallucinations,I experienced strange sights or sounds.
293,FALSE,Thought Disorder,,Reality Distortion,Hallucinations,I smelled things that were not actually there.
294,FALSE,Thought Disorder,,Reality Distortion,Hallucinations,I saw things that were not really there.
295,FALSE,Thought Disorder,,Reality Distortion,Hallucinations,I saw a person but then realized it was just a shadow.
296,FALSE,Thought Disorder,,Reality Distortion,Hallucinations,I heard things that no one else could hear.
297,FALSE,Thought Disorder,,Reality Distortion,Hallucinations,I had a sensation that something was crawling under my skin.
298,FALSE,Externalizing,Disinhibition,Restlessness,,I felt restless when I had to sit still for more than ten minutes.
299,FALSE,Externalizing,Disinhibition,Restlessness,,I had a hard time staying in my seat when I was supposed to be seated.
300,FALSE,Externalizing,Disinhibition,Restlessness,,I felt the need to stand up when I should have been sitting down.
301,FALSE,Externalizing,Disinhibition,Restlessness,,I avoided activities where I would need to sit down for long.
302,FALSE,Externalizing,Disinhibition,Restlessness,,I had trouble sitting still.
303,FALSE,Detachment,,Restricted Affectivity,,I hid my emotions.
304,FALSE,Detachment,,Restricted Affectivity,,I hardly showed any feelings.
305,FALSE,Detachment,,Restricted Affectivity,,I didn't respond to things that other people found emotional.
306,FALSE,Detachment,,Restricted Affectivity,,People told me that I do not show emotions.
307,FALSE,Detachment,,Restricted Affectivity,,I didn't express my emotions.
308,FALSE,Internalizing,Eating Pathology,Restricted Eating,,People told me that I did not eat enough.
309,FALSE,Internalizing,Eating Pathology,Restricted Eating,,I skipped two meals in a row.
310,FALSE,Internalizing,Eating Pathology,Restricted Eating,,I went a long time without eating.
311,FALSE,Internalizing,Eating Pathology,Restricted Eating,,I made excuses to avoid eating.
312,FALSE,Externalizing,Anankastia,Rigidity,,"I refused to budge as a matter of principle, even on small matters."
313,FALSE,Externalizing,Anankastia,Rigidity,,"I continued to do things the same way, even though my approach clearly wasn’t working."
314,FALSE,Externalizing,Anankastia,Rigidity,,I was very set in my ways.
315,FALSE,Externalizing,Anankastia,Rigidity,,I refused to compromise because I knew I was right.
316,FALSE,Externalizing,Anankastia,Rigidity,,I was rigid and inflexible in my approach to doing things.
317,FALSE,Externalizing,Anankastia,Risk Aversion,,I went out of my way to avoid risks.
318,FALSE,Externalizing,Anankastia,Risk Aversion,,I was cautious.
319,FALSE,Externalizing,Anankastia,Risk Aversion,,I preferred to do things the safest way possible.
320,FALSE,Externalizing,Anankastia,Risk Aversion,,I did not like taking chances.
321,FALSE,Externalizing,Anankastia,Risk Aversion,,I was very cautious about taking risks.
322,FALSE,Externalizing,Anankastia,Risk Aversion,,I avoided taking risks at all costs.
323,FALSE,Externalizing,Disinhibition,Risk Taking,,I was a thrill-seeker.
324,FALSE,Externalizing,Disinhibition,Risk Taking,,People would describe me as a risk-taker.
325,FALSE,Externalizing,Disinhibition,Risk Taking,,I enjoyed activities that were a little bit dangerous.
326,FALSE,Externalizing,Disinhibition,Risk Taking,,Taking risks made me feel alive.
327,FALSE,Internalizing,Sexual Problems,Risky Sex,,I engaged in sexual activities that I later regretted.
328,FALSE,Internalizing,Sexual Problems,Risky Sex,,I engaged in unprotected sex.
329,FALSE,Internalizing,Sexual Problems,Risky Sex,,"I used sex to relieve negative feelings (e.g., anxiety, sadness, anger)."
330,FALSE,Internalizing,Sexual Problems,Risky Sex,,I engaged in risky sexual activity.
331,FALSE,Detachment,,Romantic Disinterest,,I found romantic relationships to be tiresome.
332,FALSE,Detachment,,Romantic Disinterest,,Romantic relationships seemed like a hassle to me.
333,FALSE,Detachment,,Romantic Disinterest,,I felt that I did not want to be in a close relationship.
334,FALSE,Detachment,,Romantic Disinterest,,I had no interest in romantic relationships.
335,TRUE,Detachment,,Romantic Disinterest,,I was happiest when I was in a romantic relationship.
336,FALSE,Internalizing,Sexual Problems,Sex-Related Substance Use,,Sexual activity was even more enjoyable for me when I was intoxicated/high.
337,FALSE,Internalizing,Sexual Problems,Sex-Related Substance Use,,I used substances to reduce anxiety during sexual activity.
338,FALSE,Internalizing,Sexual Problems,Sex-Related Substance Use,,I used substances to make my partner more appealing.
339,FALSE,Internalizing,Sexual Problems,Sex-Related Substance Use,,I used substances during sex to encourage my partner to use substances too.
340,FALSE,Internalizing,Sexual Problems,Sexual Distress,,I felt guilty about sexual difficulties
341,FALSE,Internalizing,Sexual Problems,Sexual Distress,,I was worried about my sex life.
342,FALSE,Internalizing,Sexual Problems,Sexual Distress,,I felt sexually inadequate.
343,FALSE,Internalizing,Sexual Problems,Sexual Distress,,I was unhappy about my sexual performance.
344,FALSE,Internalizing,Sexual Problems,Sexual Pain,,I tensed up during sexual activity due to pain.
345,FALSE,Internalizing,Sexual Problems,Sexual Pain,,I found sex physically uncomfortable.
346,FALSE,Internalizing,Sexual Problems,Sexual Pain,,It was painful for me to have (or try to have) penetrative vaginal or anal intercourse.
347,FALSE,Externalizing,Antagonism,Social Aggression,,I mocked people.
348,FALSE,Externalizing,Antagonism,Social Aggression,,I tried to break up someone else's friendship or romantic relationship.
349,FALSE,Externalizing,Antagonism,Social Aggression,,I insulted others.
350,FALSE,Externalizing,Antagonism,Social Aggression,,People said I could be a bully.
351,FALSE,Externalizing,Antagonism,Social Aggression,,I spread rumors about other people.
352,FALSE,Externalizing,Antagonism,Social Aggression,,I taunted others.
353,FALSE,Detachment,,Social Aloofness,,"When I had the chance, I chose to be alone rather than with other people."
354,FALSE,Detachment,,Social Aloofness,,Interacting with others was not very important to me.
355,FALSE,Detachment,,Social Aloofness,,I did not feel like spending time with people.
356,FALSE,Detachment,,Social Aloofness,,I was happiest when I was alone.
357,FALSE,Detachment,,Social Aloofness,,I preferred to stay home than to go to a party.
358,FALSE,Detachment,,Social Anxiety,,I felt shy around other people.
359,FALSE,Detachment,,Social Anxiety,,I had difficulty making eye contact with others.
360,FALSE,Detachment,,Social Anxiety,,I was uncomfortable meeting new people.
361,FALSE,Detachment,,Social Anxiety,,I avoided performing or giving a talk in front of others.
362,FALSE,Detachment,,Social Anxiety,,I got anxious when others were watching me.
363,FALSE,Somatoform,,Somatic Preoccupation,,I paid close attention to how my body feels.
364,FALSE,Somatoform,,Somatic Preoccupation,,I noticed small changes to how my body feels.
365,FALSE,Somatoform,,Somatic Preoccupation,,I was acutely aware of what was going on with my body.
366,FALSE,Somatoform,,Somatic Preoccupation,,I could feel changes in my body.
367,FALSE,Somatoform,,Somatic Preoccupation,,I was sensitive to changes in my body.
368,FALSE,Internalizing,Fear,Specific Phobia Index,Animal-Insect Phobia,I was afraid of spiders.
369,FALSE,Internalizing,Fear,Specific Phobia Index,Animal-Insect Phobia,I was fearful of rats or mice.
370,FALSE,Internalizing,Fear,Specific Phobia Index,Animal-Insect Phobia,I was afraid of getting stung or bitten.
371,FALSE,Internalizing,Fear,Specific Phobia Index,Animal-Insect Phobia,I avoided areas where there might be snakes or lizards.
372,FALSE,Internalizing,Fear,Specific Phobia Index,Animal-Insect Phobia,"The sight of an insect (e.g., a cockroach) upset me."
373,FALSE,Internalizing,Fear,Specific Phobia Index,Blood-Injection Phobia,Seeing something gory made me woozy.
374,FALSE,Internalizing,Fear,Specific Phobia Index,Blood-Injection Phobia,The sight of a needle upset me.
375,FALSE,Internalizing,Fear,Specific Phobia Index,Blood-Injection Phobia,I felt faint at the sight of blood.
376,FALSE,Internalizing,Fear,Specific Phobia Index,Situational Phobias,I was afraid of flying.
377,FALSE,Internalizing,Fear,Specific Phobia Index,Situational Phobias,I was afraid of heights.
378,FALSE,Internalizing,Fear,Specific Phobia Index,Situational Phobias,I became very anxious during a storm.
379,FALSE,Internalizing,Fear,Specific Phobia Index,Situational Phobias,I was afraid of the dark.
380,FALSE,Detachment,,Submissiveness,,I allowed people to take advantage of me.
381,FALSE,Detachment,,Submissiveness,,I had trouble standing up for myself.
382,FALSE,Detachment,,Submissiveness,,I had a hard time asserting myself to others.
383,FALSE,Detachment,,Submissiveness,,Others could easily take advantage of me because I was too passive.
384,FALSE,Internalizing,Distress,Suicidality,,I thought a lot about death.
385,FALSE,Internalizing,Distress,Suicidality,,I worked on a plan to kill myself.
386,FALSE,Internalizing,Distress,Suicidality,,I thought about killing myself.
387,FALSE,Internalizing,Distress,Suicidality,,I tried to kill myself.
388,FALSE,Internalizing,Fear,Trauma Reactions,,I avoided places that reminded me of something bad that happened.
389,FALSE,Internalizing,Fear,Trauma Reactions,,I avoided people who might bring back bad memories.
390,FALSE,Internalizing,Fear,Trauma Reactions,,I had repeated memories of a traumatic event.
391,FALSE,Internalizing,Fear,Trauma Reactions,,I suddenly felt as if a traumatic event were actually happening again.
392,FALSE,Internalizing,Fear,Trauma Reactions,,My mind was flooded with troubling images of a bad experience.
393,FALSE,Internalizing,Fear,Trichotillomania,,I was embarrassed because I pulled my hair.
394,FALSE,Internalizing,Fear,Trichotillomania,,I pulled out hairs that were a different color or texture.
395,FALSE,Internalizing,Fear,Trichotillomania,,I felt an urge to pull my hair.
396,FALSE,Detachment,,Well-being,,I was proud of myself.
397,FALSE,Detachment,,Well-being,,I felt cheerful.
398,FALSE,Detachment,,Well-being,,I felt optimistic.
399,FALSE,Detachment,,Well-being,,I felt good about myself.
400,FALSE,Detachment,,Well-being,,I felt motivated.
401,FALSE,Externalizing,Anankastia,Workaholism,,I was something of a workaholic.
402,FALSE,Externalizing,Anankastia,Workaholism,,"Even on days off, I found myself thinking about work."
403,FALSE,Externalizing,Anankastia,Workaholism,,I was so focused on being productive that I had less time for friends and family.
404,FALSE,Externalizing,Anankastia,Workaholism,,My work success was the most valuable aspect of my life.
405,FALSE,Externalizing,Anankastia,Workaholism,,People told me that I work too much.
